"시점","항목",계,서울특별시,부산광역시,대구광역시,인천광역시,광주광역시,대전광역시,울산광역시,세종특별자치시,경기도,강원도,충청북도,충청남도,전라북도,전라남도,경상북도,경상남도,제주도
"1980","합계:면적 (ha)",1233038,2553,3502,-,-,-,-,-,-,182422,56397,77724,175422,169041,208949,200036,154955,2037
"1980","합계:생산량:조곡 (톤)",5311406,12528,12191,-,-,-,-,-,-,867537,160237,283424,889916,898948,1034542,574512,571737,5834
"1980","논벼:면적 (ha)",1219841,2487,3502,-,-,-,-,-,-,179383,55987,76924,173188,166899,207594,199050,154017,810
"1980","논벼:10a당 생산량 (kg)",433,496,348,-,-,-,-,-,-,480,285,366,511,535,496,288,370,443
"1980","논벼:조곡:생산량 (톤)",5279051,12333,12191,-,-,-,-,-,-,860401,159712,281879,884415,892515,1030178,572380,569454,3593
"1980","밭벼:면적 (ha)",13197,66,-,-,-,-,-,-,-,3039,410,800,2234,2142,1355,986,938,1227
"1980","밭벼:10a당 생산량 (kg)",245,296,-,-,-,-,-,-,-,235,128,193,246,300,322,216,243,183
"1980","밭벼:조곡:생산량 (톤)",32355,195,-,-,-,-,-,-,-,7136,525,1545,5501,6433,4364,2132,2283,2241
"1981","합계:면적 (ha)",1223892,2552,-,-,-,-,-,3432,-,178978,55483,78361,175486,168827,209219,196222,153563,1769
"1981","합계:생산량:조곡 (톤)",7148703,13769,-,-,-,-,-,20051,-,988176,291357,437468,1062175,1098218,1226431,1129803,874888,6367
"1981","논벼:면적 (ha)",1212258,2437,-,-,-,-,-,3432,-,176814,55288,77780,173598,166555,207427,195320,152715,892
"1981","논벼:10a당 생산량 (kg)",587,550,-,-,-,-,-,584,-,555,526,560,608,655,588,577,572,450
"1981","논벼:조곡:생산량 (톤)",7113701,13414,-,-,-,-,-,20051,-,981797,290943,435865,1055921,1090762,1220650,1127429,872859,4010
"1981","밭벼:면적 (ha)",11634,115,-,-,-,-,-,-,-,2164,195,581,1888,2272,1792,902,848,877
"1981","밭벼:10a당 생산량 (kg)",301,309,-,-,-,-,-,-,-,295,212,276,331,328,323,263,239,269
"1981","밭벼:조곡:생산량 (톤)",35002,355,-,-,-,-,-,-,-,6379,414,1603,6254,7456,5781,2374,2029,2357
"1982","합계:면적 (ha)",1188073,2079,3467,3732,2118,-,-,-,-,176369,55822,77278,174841,169090,208505,168525,144524,1723
"1982","합계:생산량:조곡 (톤)",7307855,11173,20250,20559,13015,-,-,-,-,1057544,309448,482570,1153961,1141296,1305937,1004922,780489,6691
"1982","논벼:면적 (ha)",1175964,2044,3467,3719,2105,-,-,-,-,174734,55681,76649,172728,166530,206090,167556,143549,1112
"1982","논벼:10a당 생산량 (kg)",618,542,584,552,616,-,-,-,-,602,555,627,664,681,630,598,542,480
"1982","논벼:조곡:생산량 (톤)",7272837,11084,20250,20541,12970,-,-,-,-,1052672,309049,480771,1147390,1133795,1298620,1001870,778490,5335
"1982","밭벼:면적 (ha)",12109,35,-,13,13,-,-,-,-,1635,141,629,2113,2560,2415,969,975,611
"1982","밭벼:10a당 생산량 (kg)",289,254,-,135,349,-,-,-,-,298,283,286,311,293,303,315,205,222
"1982","밭벼:조곡:생산량 (톤)",35018,89,-,18,45,-,-,-,-,4872,399,1799,6571,7501,7317,3052,1999,1356
"1983","합계:면적 (ha)",1228481,1928,3443,4039,2172,-,-,-,-,176184,55846,79224,179490,171048,211193,189766,152386,1762
"1983","합계:생산량:조곡 (톤)",7607541,9897,20196,23451,12277,-,-,-,-,997414,297216,504335,1189682,1137058,1342991,1177206,889237,6581
"1983","논벼:면적 (ha)",1219645,1886,3443,4031,2157,-,-,-,-,175419,55778,78895,178082,169166,209230,188935,151518,1105
"1983","논벼:10a당 생산량 (kg)",622,518,587,581,567,-,-,-,-,567,533,638,666,669,639,622,585,481
"1983","논벼:조곡:생산량 (톤)",7582857,9774,20196,23429,12238,-,-,-,-,995234,297026,503364,1185359,1131374,1337769,1174638,887136,5320
"1983","밭벼:면적 (ha)",8836,42,-,8,15,-,-,-,-,765,68,329,1408,1882,1963,831,868,657
"1983","밭벼:10a당 생산량 (kg)",279,293,-,275,261,-,-,-,-,285,279,295,307,302,266,309,242,192
"1983","밭벼:조곡:생산량 (톤)",24684,123,-,22,39,-,-,-,-,2180,190,971,4323,5684,5222,2568,2101,1261
"1984","합계:면적 (ha)",1230861,1311,3356,3992,2124,-,-,-,-,175848,55937,79675,181148,172077,211904,190703,151412,1374
"1984","합계:생산량:조곡 (톤)",7970330,7030,19646,22943,12310,-,-,-,-,1067222,326690,516998,1255441,1181151,1424350,1211688,918730,6131
"1984","논벼:면적 (ha)",1224675,1302,3356,3991,2116,-,-,-,-,175223,55849,79447,180162,170674,210566,190261,150778,950
"1984","논벼:10a당 생산량 (kg)",649,538,585,575,581,-,-,-,-,608,584,650,695,690,675,636,608,537
"1984","논벼:조곡:생산량 (톤)",7954127,7007,19646,22940,12290,-,-,-,-,1065647,326433,516303,1252710,1177700,1420483,1210481,917386,5101
"1984","밭벼:면적 (ha)",6186,9,-,1,8,-,-,-,-,625,88,228,986,1403,1338,442,634,424
"1984","밭벼:10a당 생산량 (kg)",262,252,-,273,252,-,-,-,-,252,292,305,277,246,289,273,212,243
"1984","밭벼:조곡:생산량 (톤)",16203,23,-,3,20,-,-,-,-,1575,257,695,2731,3451,3867,1207,1344,1030
"1985","합계:면적 (ha)",1236768,1214,3322,3870,2345,-,-,-,-,176882,55863,79281,182106,175368,213968,189909,151482,1158
"1985","합계:생산량:조곡 (톤)",7855262,6656,18966,21015,13555,-,-,-,-,1020434,327841,521261,1251144,1198290,1424838,1187138,858737,5387
"1985","논벼:면적 (ha)",1232924,1214,3322,3870,2344,-,-,-,-,176590,55800,79178,181581,174471,212965,189623,151065,901
"1985","논벼:10a당 생산량 (kg)",636,548,571,543,578,-,-,-,-,577,587,658,688,685,668,626,568,525
"1985","논벼:조곡:생산량 (톤)",7844286,6656,18966,21015,13552,-,-,-,-,1019613,327698,520927,1249747,1195572,1421719,1186400,857694,4727
"1985","밭벼:면적 (ha)",3844,-,-,-,1,-,-,-,-,292,63,103,525,897,1003,286,417,257
"1985","밭벼:10a당 생산량 (kg)",286,-,-,-,281,-,-,-,-,281,227,324,266,303,311,258,250,257
"1985","밭벼:조곡:생산량 (톤)",10976,-,-,-,3,-,-,-,-,821,143,334,1397,2718,3119,738,1043,660
"1986","합계:면적 (ha)",1235925,1241,3130,3738,2333,-,-,-,-,175657,55433,78452,184705,175778,216719,187215,150359,1165
"1986","합계:생산량:조곡 (톤)",7871368,7670,15415,21989,13862,-,-,-,-,1072886,319291,503493,1241573,1238348,1373348,1180426,878876,4191
"1986","논벼:면적 (ha)",1232679,1241,3130,3738,2333,-,-,-,-,175530,55406,78394,184414,175186,215650,187031,149903,723
"1986","논벼:10a당 생산량 (kg)",638,618,492,588,594,-,-,-,-,611,576,642,673,706,635,631,585,437
"1986","논벼:조곡:생산량 (톤)",7862458,7670,15415,21989,13862,-,-,-,-,1072485,319221,503319,1240869,1236608,1370259,1179946,877658,3157
"1986","밭벼:면적 (ha)",3246,-,-,-,-,-,-,-,-,127,27,58,291,592,1069,184,456,442
"1986","밭벼:10a당 생산량 (kg)",274,-,-,-,-,-,-,-,-,316,258,300,242,294,289,261,267,234
"1986","밭벼:조곡:생산량 (톤)",8910,-,-,-,-,-,-,-,-,401,70,174,704,1740,3089,480,1218,1034
"1987","합계:면적 (ha)",1262324,1469,3401,3662,2208,3286,-,-,-,185351,62030,77310,184996,173398,211514,194577,157917,1205
"1987","합계:생산량:조곡 (톤)",7595760,7495,17072,21943,12031,20465,-,-,-,1041362,359797,502186,1152666,1155612,1239167,1196050,865009,4905
"1987","논벼:면적 (ha)",1259141,1469,3399,3662,2208,3270,-,-,-,185134,61990,77250,184646,172844,210514,194369,157590,796
"1987","논벼:10a당 생산량 (kg)",602,510,502,599,545,623,-,-,-,562,580,650,624,668,587,615,548,493
"1987","논벼:조곡:생산량 (톤)",7585855,7495,17066,21943,12031,20384,-,-,-,1040737,359692,502007,1151773,1153933,1235307,1195480,864080,3927
"1987","밭벼:면적 (ha)",3183,-,2,-,-,16,-,-,-,217,40,60,350,554,1000,208,327,409
"1987","밭벼:10a당 생산량 (kg)",311,-,284,-,-,508,-,-,-,288,262,299,255,303,386,274,284,239
"1987","밭벼:조곡:생산량 (톤)",9905,-,6,-,-,81,-,-,-,625,105,179,893,1679,3860,570,929,978
"1988","합계:면적 (ha)",1260129,1322,3350,3608,2314,12550,-,-,-,182602,61083,76555,188421,176329,203623,190717,156744,911
"1988","합계:생산량:조곡 (톤)",8260162,8023,18258,21567,13781,93559,-,-,-,1109816,334988,504069,1317944,1280583,1423245,1184414,944894,5021
"1988","논벼:면적 (ha)",1257158,1320,3348,3606,2311,12506,-,-,-,182433,61049,76504,188091,175874,202519,190490,156352,755
"1988","논벼:10a당 생산량 (kg)",656,608,545,598,596,747,-,-,-,608,549,659,700,728,701,621,604,606
"1988","논벼:조곡:생산량 (톤)",8251154,8019,18252,21562,13775,93365,-,-,-,1109502,334909,503912,1317122,1279546,1418984,1183826,943804,4576
"1988","밭벼:면적 (ha)",2971,2,2,2,3,44,-,-,-,169,34,51,330,455,1104,227,392,156
"1988","밭벼:10a당 생산량 (kg)",303,186,278,259,186,440,-,-,-,186,231,308,249,228,386,259,278,285
"1988","밭벼:조곡:생산량 (톤)",9008,4,6,5,6,194,-,-,-,314,79,157,822,1037,4261,588,1090,445
"1989","합계:면적 (ha)",1256661,1269,5491,3494,4764,12239,5133,-,-,180256,60883,76157,182470,176956,203721,189927,152958,943
"1989","합계:생산량:조곡 (톤)",8099953,8045,30526,19860,29823,76171,32597,-,-,1147913,386104,487582,1242681,1249879,1270833,1215083,898140,4716
"1989","논벼:면적 (ha)",1254231,1269,5483,3490,4764,12214,5110,-,-,180180,60841,76125,182306,176743,202629,189741,152671,665
"1989","논벼:10a당 생산량 (kg)",645,634,556,569,626,623,636,-,-,637,634,640,689,707,625,640,588,589
"1989","논벼:조곡:생산량 (톤)",8092029,8045,30505,19849,29823,76093,32518,-,-,1147623,385951,487489,1242263,1249323,1266694,1214553,897385,3915
"1989","밭벼:면적 (ha)",2430,-,8,4,-,25,23,-,-,76,42,32,164,213,1092,186,287,278
"1989","밭벼:10a당 생산량 (kg)",326,-,263,285,-,311,343,-,-,382,365,290,255,261,379,285,263,288
"1989","밭벼:조곡:생산량 (톤)",7924,-,21,11,-,78,79,-,-,290,153,93,418,556,4139,530,755,801
"1990","합계:면적 (ha)",1244341,1178,5473,3066,4523,12281,4722,-,-,175094,60620,75722,182504,176915,203507,188004,149935,797
"1990","합계:생산량:조곡 (톤)",7721968,6091,31790,18380,23384,85046,29147,-,-,947932,325400,447950,1191521,1213904,1318526,1171415,907713,3769
"1990","논벼:면적 (ha)",1241803,1178,5472,3064,4523,12224,4701,-,-,175040,60545,75683,182358,176685,202355,187780,149644,551
"1990","논벼:10a당 생산량 (kg)",621,517,581,600,517,694,619,-,-,541,537,592,661,687,649,624,606,555
"1990","논벼:조곡:생산량 (톤)",7713654,6091,31788,18375,23384,84848,29087,-,-,947787,325288,447822,1191134,1213230,1313906,1170864,906994,3056
"1990","밭벼:면적 (ha)",2538,-,1,2,-,57,21,-,-,54,75,39,146,230,1152,224,291,246
"1990","밭벼:10a당 생산량 (kg)",328,-,247,246,-,348,288,-,-,269,149,327,265,293,401,246,247,290
"1990","밭벼:조곡:생산량 (톤)",8314,-,2,5,-,198,60,-,-,145,112,128,387,674,4620,551,719,713
"1991","합계:면적 (ha)",1208455,959,5320,2519,4204,11518,4114,-,-,168898,58270,73341,180984,174340,200590,178524,144317,557
"1991","합계:생산량:조곡 (톤)",7292534,5244,28609,13785,24014,69759,23925,-,-,975013,331050,431704,1162857,1168005,1214128,1036947,804895,2599
"1991","논벼:면적 (ha)",1206613,959,5320,2512,4204,11496,4110,-,-,168832,58205,73297,180877,174218,199616,178359,144151,457
"1991","논벼:10a당 생산량 (kg)",604,547,538,548,571,606,582,-,-,577,568,589,652,670,607,581,558,505
"1991","논벼:조곡:생산량 (톤)",7286598,5244,28609,13766,24014,69699,23913,-,-,974866,330858,431548,1162552,1167572,1210680,1036490,804478,2309
"1991","밭벼:면적 (ha)",1842,-,-,7,-,22,4,-,-,66,65,44,107,122,974,165,166,100
"1991","밭벼:10a당 생산량 (kg)",322,-,-,277,-,274,303,-,-,223,296,354,285,355,354,277,251,290
"1991","밭벼:조곡:생산량 (톤)",5936,-,-,19,-,60,12,-,-,147,192,156,305,433,3448,457,417,290
"1992","합계:면적 (ha)",1156885,903,4862,2016,4108,10538,3841,-,-,162834,55404,69515,176983,169306,195794,165064,135378,339
"1992","합계:생산량:조곡 (톤)",7256894,5451,27516,11411,24733,60925,24220,-,-,1022487,325622,424675,1148740,1181850,1198760,1018133,780739,1632
"1992","논벼:면적 (ha)",1155645,902,4861,2016,4108,10534,3836,-,-,162793,55359,69487,176946,169253,195083,164968,135240,259
"1992","논벼:10a당 생산량 (kg)",628,604,566,566,602,578,631,-,-,628,588,611,659,698,613,617,577,529
"1992","논벼:조곡:생산량 (톤)",7253061,5448,27513,11411,24733,60913,24205,-,-,1022357,325511,424570,1148630,1181683,1196506,1017871,780340,1370
"1992","밭벼:면적 (ha)",1240,1,1,-,-,4,5,-,-,41,45,28,37,53,711,96,138,80
"1992","밭벼:10a당 생산량 (kg)",309,318,289,-,-,295,296,-,-,318,246,374,296,316,317,273,289,328
"1992","밭벼:조곡:생산량 (톤)",3833,3,3,-,-,12,15,-,-,130,111,105,110,167,2254,262,399,262
"1993","합계:면적 (ha)",1135812,861,4822,1916,4041,10188,3768,-,-,160369,53717,67012,174564,166966,194757,160170,132402,259
"1993","합계:생산량:조곡 (톤)",6403875,5330,25653,9213,25095,55722,22395,-,-,970165,224460,382630,1088474,1113903,1105162,736556,637952,1165
"1993","논벼:면적 (ha)",1134943,861,4822,1915,4041,10185,3761,-,-,160343,53685,67002,174548,166911,194271,160076,132300,222
"1993","논벼:10a당 생산량 (kg)",564,619,532,481,621,547,595,-,-,605,418,571,631,667,568,460,482,481
"1993","논벼:조곡:생산량 (톤)",6401200,5330,25653,9211,25095,55712,22378,-,-,970075,224403,382581,1088436,1113717,1103505,736350,637686,1068
"1993","밭벼:면적 (ha)",869,0,0,1,0,3,7,-,-,26,32,10,16,55,486,94,102,37
"1993","밭벼:10a당 생산량 (kg)",308,0,0,219,0,341,236,-,-,346,179,487,236,339,341,219,261,261
"1993","밭벼:조곡:생산량 (톤)",2675,0,0,2,0,10,17,-,-,90,57,49,38,186,1657,206,266,97
"1994","합계:면적 (ha)",1102608,761,4543,1765,3864,9879,3450,-,-,154965,50958,64340,170758,163709,195383,151159,126788,286
"1994","합계:생산량:조곡 (톤)",6826167,4475,27122,10149,23300,60128,22356,-,-,931271,297919,388562,1088499,1100055,1200335,929230,741431,1335
"1994","논벼:면적 (ha)",1101678,761,4543,1765,3864,9868,3450,-,-,154940,50916,64318,170745,163648,194887,151058,126705,210
"1994","논벼:10a당 생산량 (kg)",619,588,597,575,603,609,648,-,-,601,585,604,651,672,615,615,585,513
"1994","논벼:조곡:생산량 (톤)",6823544,4475,27122,10149,23300,60096,22356,-,-,931190,297859,388481,1088457,1099864,1198887,929007,741224,1077
"1994","밭벼:면적 (ha)",930,0,0,0,0,11,0,-,-,25,42,22,13,61,496,101,83,76
"1994","밭벼:10a당 생산량 (kg)",282,0,0,0,0,292,0,-,-,324,144,370,320,313,292,221,249,339
"1994","밭벼:조곡:생산량 (톤)",2623,0,0,0,0,32,0,-,-,81,60,81,42,191,1448,223,207,258
"1995","합계:면적 (ha)",1055868,683,5956,5809,19266,9117,3054,-,-,131357,48439,60147,167464,158459,192306,135233,118435,143
"1995","합계:생산량:조곡 (톤)",6388773,3763,34783,33925,115981,55327,18721,-,-,750012,256679,363877,995540,1034638,1174992,838227,711527,781
"1995","논벼:면적 (ha)",1055337,683,5956,5809,19266,9113,3054,-,-,131340,48424,60142,167432,158429,192031,135169,118346,143
"1995","논벼:10a당 생산량 (kg)",605,551,584,584,602,607,613,-,-,571,530,605,610,653,615,620,601,546
"1995","논벼:조곡:생산량 (톤)",6387301,3763,34783,33925,115981,55316,18721,-,-,749951,256647,363859,995477,1034541,1174249,838048,711259,781
"1995","밭벼:면적 (ha)",531,0,0,0,0,4,0,-,-,17,15,5,32,30,275,64,89,0
"1995","밭벼:10a당 생산량 (kg)",277,0,0,0,0,270,0,-,-,360,215,359,198,324,270,280,301,0
"1995","밭벼:조곡:생산량 (톤)",1472,0,0,0,0,11,0,-,-,61,32,18,63,97,743,179,268,0
"1996","합계:면적 (ha)",1049556,687,5572,6096,18345,9063,3030,-,-,125225,46770,60202,172043,152793,200222,134769,114572,167
"1996","합계:생산량:조곡 (톤)",7122866,4403,37133,39058,125299,60201,20884,-,-,822617,291365,398909,1202034,1091688,1372188,897369,758866,852
"1996","논벼:면적 (ha)",1048987,687,5572,6096,18345,9060,3029,-,-,125200,46762,60195,172030,152779,199877,134737,114492,126
"1996","논벼:10a당 생산량 (kg)",679,641,666,641,683,664,689,-,-,657,623,663,706,715,690,666,663,612
"1996","논벼:조곡:생산량 (톤)",7121421,4403,37133,39058,125299,60193,20881,-,-,822546,291317,398886,1201999,1091646,1371288,897293,758708,771
"1996","밭벼:면적 (ha)",569,0,0,0,0,3,1,-,-,25,8,7,13,14,345,32,80,41
"1996","밭벼:10a당 생산량 (kg)",254,0,0,0,0,261,270,-,-,282,606,331,270,300,261,239,197,197
"1996","밭벼:조곡:생산량 (톤)",1445,0,0,0,0,8,3,-,-,71,48,23,35,42,900,76,158,81
"1997","합계:면적 (ha)",1052395,658,5419,6101,17701,8606,2909,-,-,123617,46900,59892,173936,153705,202375,136713,113734,129
"1997","합계:생산량:조곡 (톤)",7314885,3930,36757,39192,118943,58340,20495,-,-,828669,306429,408238,1266732,1103372,1455612,929676,737735,765
"1997","논벼:면적 (ha)",1051659,647,5419,6101,17698,8595,2902,-,-,123600,46890,59858,173934,153683,201917,136655,113631,129
"1997","논벼:10a당 생산량 (kg)",695,600,678,642,672,678,705,-,-,670,653,682,750,718,721,680,649,593
"1997","논벼:조곡:생산량 (톤)",7312096,3885,36757,39192,118931,58298,20472,-,-,828600,306370,408118,1266726,1103285,1453858,929481,737358,765
"1997","밭벼:면적 (ha)",736,11,0,0,3,11,7,-,-,17,10,34,2,22,458,58,103,0
"1997","밭벼:10a당 생산량 (kg)",379,405,0,0,405,383,322,-,-,405,588,354,322,395,383,336,366,0
"1997","밭벼:조곡:생산량 (톤)",2789,45,0,0,12,42,23,-,-,69,59,120,6,87,1754,195,377,0
"1998","합계:면적 (ha)",1058927,682,5683,6178,17554,8555,2880,9043,-,122711,47127,60278,174502,153937,206702,137727,105235,133
"1998","합계:생산량:조곡 (톤)",6790125,3734,32752,33196,114649,53656,18995,51938,-,781015,285491,384454,1175300,1046211,1351664,819791,636490,789
"1998","논벼:면적 (ha)",1056483,682,5683,6178,17554,8533,2880,9042,-,122674,47086,60260,174488,153841,204747,137625,105080,130
"1998","논벼:10a당 생산량 (kg)",642,548,576,537,653,628,660,574,-,637,606,638,689,680,657,595,605,598
"1998","논벼:조곡:생산량 (톤)",6779290,3734,32752,33196,114649,53574,18995,51935,-,780857,285326,384390,1175254,1045805,1342554,819458,636033,778
"1998","밭벼:면적 (ha)",2444,0,0,0,0,22,0,1,-,37,41,18,14,96,1955,102,155,3
"1998","밭벼:10a당 생산량 (kg)",443,0,0,0,0,371,0,277,-,428,403,353,328,423,466,326,295,379
"1998","밭벼:조곡:생산량 (톤)",10835,0,0,0,0,82,0,3,-,158,165,64,46,406,9110,333,457,11
"1999","합계:면적 (ha)",1066203,680,5593,6170,17545,8867,2948,8844,-,123102,46883,60368,175042,154257,211408,139217,105108,171
"1999","합계:생산량:조곡 (톤)",7065900,3915,35819,36770,116728,54777,20818,55174,-,821084,299391,415592,1240625,1098726,1336428,895897,633269,887
"1999","논벼:면적 (ha)",1058555,680,5593,6170,17526,8788,2948,8841,-,122973,46800,60333,174956,153921,204980,139005,104903,138
"1999","논벼:10a당 생산량 (kg)",664,576,640,596,666,620,706,624,-,667,639,689,737,713,638,644,603,585
"1999","논벼:조곡:생산량 (톤)",7032751,3915,35819,36770,116648,54442,20818,55167,-,820543,299071,415421,1240306,1097409,1307888,895155,632572,807
"1999","밭벼:면적 (ha)",7648,0,0,0,19,79,0,3,-,129,83,35,86,336,6428,212,205,33
"1999","밭벼:10a당 생산량 (kg)",433,0,0,0,419,424,0,240,-,419,385,488,371,392,444,350,340,243
"1999","밭벼:조곡:생산량 (톤)",33149,0,0,0,80,335,0,7,-,541,320,171,319,1317,28540,742,697,80
"2000","합계:면적 (ha)",1072363,675,5507,5873,17155,8950,2888,8880,-,121829,47277,60040,175109,154433,219385,139932,104225,205
"2000","합계:생산량:조곡 (톤)",7196582,4349,34820,36637,112649,56731,19320,55251,-,787227,308049,422406,1265588,1084283,1445668,918042,644538,1024
"2000","논벼:면적 (ha)",1055034,675,5502,5869,17147,8773,2888,8849,-,121657,47166,59938,174774,153399,205057,139413,103793,134
"2000","논벼:10a당 생산량 (kg)",675,644,633,624,657,637,669,623,-,647,652,704,748,704,676,657,620,613
"2000","논벼:조곡:생산량 (톤)",7124773,4349,34806,36623,112618,55901,19320,55162,-,786567,307646,421963,1264335,1080261,1384917,916189,643294,822
"2000","밭벼:면적 (ha)",17329,0,5,4,8,177,0,31,-,172,111,102,335,1034,14328,519,432,71
"2000","밭벼:10a당 생산량 (kg)",414,0,288,357,384,469,0,288,-,384,363,434,374,389,424,357,288,284
"2000","밭벼:조곡:생산량 (톤)",71809,0,14,14,31,830,0,89,-,660,403,443,1253,4022,60751,1853,1244,202
"2001","합계:면적 (ha)",1083125,683,5452,5980,17444,8967,2803,8891,-,121312,47032,60237,175669,155125,225666,142456,104764,644
"2001","합계:생산량:조곡 (톤)",7406517,4308,35979,39742,110016,60670,20114,58691,-,794151,313154,423581,1281660,1127679,1456236,976337,701507,2692
"2001","논벼:면적 (ha)",1055750,683,5435,5940,17406,8667,2797,8800,-,120942,46800,60013,175073,153297,204602,141341,103827,127
"2001","논벼:10a당 생산량 (kg)",693,631,661,667,631,686,718,663,-,656,667,704,742,730,679,689,672,666
"2001","논벼:조곡:생산량 (톤)",7316216,4308,35919,39649,109879,59476,20090,58379,-,792819,312333,422584,1279270,1119252,1389463,973750,698199,846
"2001","밭벼:면적 (ha)",27375,0,17,40,38,300,6,91,-,370,232,224,596,1828,21064,1115,937,517
"2001","밭벼:10a당 생산량 (kg)",330,0,353,232,360,398,401,343,-,360,354,445,401,461,317,232,353,357
"2001","밭벼:조곡:생산량 (톤)",90301,0,60,93,137,1194,24,312,-,1332,821,997,2390,8427,66773,2587,3308,1846
"2002","합계:면적 (ha)",1053186,655,5299,5739,16813,8855,2636,8552,-,118496,46687,58913,172977,152384,212967,139269,102286,658
"2002","합계:생산량:조곡 (톤)",6687225,4141,30621,33765,117170,52936,17391,53130,-,767500,282245,389152,1187897,1006379,1251805,895834,595014,2245
"2002","논벼:면적 (ha)",1038577,655,5286,5719,16767,8629,2636,8481,-,118130,46460,58778,172531,151127,202925,138673,101666,114
"2002","논벼:10a당 생산량 (kg)",639,632,579,589,698,604,660,624,-,649,606,661,697,663,599,645,584,567
"2002","논벼:조곡:생산량 (톤)",6636348,4141,30588,33705,117037,52122,17391,52907,-,766442,281553,388565,1186033,1001665,1216055,894034,593464,646
"2002","밭벼:면적 (ha)",14609,0,13,20,46,226,0,71,-,366,227,135,446,1257,10042,596,620,544
"2002","밭벼:10a당 생산량 (kg)",348,0,250,302,289,360,0,314,-,289,305,435,418,375,356,302,250,294
"2002","밭벼:조곡:생산량 (톤)",50877,0,33,60,133,814,0,223,-,1058,692,587,1864,4714,35750,1800,1550,1599
"2003","합계:면적 (ha)",1016030,572,4888,5273,16508,8159,2422,8053,-,114691,44952,56686,169907,148505,204357,134278,96031,748
"2003","합계:생산량:조곡 (톤)",6151202,3518,25552,26543,110595,47013,15066,40736,-,699421,271560,342593,1113923,926917,1205052,780888,538970,2855
"2003","논벼:면적 (ha)",1001519,572,4887,5243,16477,7962,2421,7995,-,114372,44719,56592,169428,147411,194158,133829,95368,85
"2003","논벼:10a당 생산량 (kg)",609,615,523,505,671,581,622,508,-,611,606,605,661,626,602,583,564,566
"2003","논벼:조곡:생산량 (톤)",6101746,3518,25550,26460,110493,46294,15062,40608,-,698368,270947,342269,1111825,923318,1169355,779653,537545,481
"2003","밭벼:면적 (ha)",14511,0,1,30,31,197,1,58,-,319,233,94,479,1094,10199,449,663,663
"2003","밭벼:10a당 생산량 (kg)",341,0,215,275,330,365,438,221,-,330,263,345,438,329,350,275,215,358
"2003","밭벼:조곡:생산량 (톤)",49456,0,2,83,102,719,4,128,-,1053,613,324,2098,3599,35697,1235,1425,2374
"2004","합계:면적 (ha)",1001159,479,4609,4923,16478,8113,2343,7691,-,111093,43838,55232,168336,146598,204401,132085,93869,1071
"2004","합계:생산량:조곡 (톤)",6736925,3061,29684,31839,111741,52485,15971,49139,-,725518,276378,365323,1207975,1053034,1304617,889977,615791,4392
"2004","논벼:면적 (ha)",983560,479,4605,4891,16433,7853,2343,7629,-,110766,43646,55045,167878,145286,191849,131628,93168,61
"2004","논벼:10a당 생산량 (kg)",679,639,644,649,679,661,682,642,-,654,632,663,723,722,659,675,659,626
"2004","논벼:조곡:생산량 (톤)",6680137,3061,29674,31744,111609,51923,15971,48973,-,724557,275767,364712,1206051,1048429,1264576,888620,614088,382
"2004","밭벼:면적 (ha)",17599,0,4,32,45,260,0,62,-,327,192,187,458,1312,12552,457,701,1010
"2004","밭벼:10a당 생산량 (kg)",323,0,243,297,294,216,0,268,-,294,318,327,420,351,319,297,243,397
"2004","밭벼:조곡:생산량 (톤)",56788,0,10,95,132,562,0,166,-,961,611,611,1924,4605,40041,1357,1703,4010
"2005","합계:면적 (ha)",979717,455,4613,4776,16200,7619,2280,7537,-,108106,43964,53488,166573,144091,199366,127826,91615,1208
"2005","합계:생산량:조곡 (톤)",6434972,2899,28971,30580,107127,46427,15286,45310,-,696740,285072,348024,1169034,965193,1252038,853943,584186,4142
"2005","논벼:면적 (ha)",966838,455,4610,4755,16181,7509,2280,7484,-,107860,43814,53417,166166,143399,190090,127490,91277,51
"2005","논벼:10a당 생산량 (kg)",661,637,628,642,662,612,670,603,-,645,650,651,705,671,640,669,639,590
"2005","논벼:조곡:생산량 (톤)",6386843,2899,28962,30516,107061,45972,15286,45128,-,695889,284644,347763,1167235,962550,1216604,852915,583118,301
"2005","밭벼:면적 (ha)",12879,0,3,21,19,110,0,53,-,246,150,71,407,692,9276,336,338,1157
"2005","밭벼:10a당 생산량 (kg)",374,0,316,306,346,414,0,344,-,346,285,367,442,382,382,306,316,332
"2005","밭벼:조곡:생산량 (톤)",48129,0,9,64,66,455,0,182,-,851,428,261,1799,2643,35434,1028,1068,3841
"2006","합계:면적 (ha)",955229,511,4192,4764,14806,6943,1958,7033,-,103281,42286,51744,163398,142466,195161,124537,91222,927
"2006","합계:생산량:조곡 (톤)",6305492,3244,26809,30170,91278,45095,13128,43897,-,663899,259055,333509,1160538,997875,1215495,830729,587397,3375
"2006","논벼:면적 (ha)",945403,511,4186,4757,14785,6842,1958,7026,-,103124,42205,51650,163117,141993,187880,124294,91032,43
"2006","논벼:10a당 생산량 (kg)",664,635,640,634,617,655,670,625,-,643,613,645,711,702,635,668,645,612
"2006","논벼:조곡:생산량 (톤)",6274836,3244,26796,30155,91238,44817,13128,43884,-,663514,258832,333242,1159740,996333,1192705,829961,586985,263
"2006","밭벼:면적 (ha)",9826,0,6,7,21,101,0,7,-,157,81,94,281,473,7281,243,190,884
"2006","밭벼:10a당 생산량 (kg)",312,0,217,216,192,275,0,186,-,245,275,284,284,326,313,316,217,352
"2006","밭벼:조곡:생산량 (톤)",30656,0,13,15,40,278,0,13,-,385,223,267,798,1542,22790,768,412,3112
"2007","합계:면적 (ha)",950250,482,4157,4601,14474,6640,1939,7053,-,101207,41876,50747,162632,143159,193064,125335,91821,1063
"2007","합계:생산량:조곡 (톤)",5961693,2864,26112,28444,87699,41262,12499,41381,-,624167,255852,311784,1100350,935636,1120100,802994,566748,3801
"2007","논벼:면적 (ha)",942223,482,4156,4599,14451,6550,1939,7049,-,101095,41824,50702,162408,142804,187321,125131,91677,35
"2007","논벼:10a당 생산량 (kg)",630,594,628,618,607,626,645,587,-,617,611,615,677,654,588,641,618,550
"2007","논벼:조곡:생산량 (톤)",5934403,2864,26109,28438,87649,40978,12499,41371,-,623796,255654,311650,1099364,934326,1100861,802333,566319,192
"2007","밭벼:면적 (ha)",8027,0,1,2,23,90,0,4,-,112,52,45,224,355,5743,204,144,1028
"2007","밭벼:10a당 생산량 (kg)",340,0,298,303,220,316,0,253,-,331,380,298,440,369,335,324,298,351
"2007","밭벼:조곡:생산량 (톤)",27290,0,3,6,51,284,0,10,-,371,198,134,986,1310,19239,661,429,3608
"2008","합계:면적 (ha)",935766,502,4112,3977,13778,6516,1916,6690,-,100005,40891,48967,162439,141530,189231,123848,90419,945
"2008","합계:생산량:조곡 (톤)",6468281,3380,28952,27986,93564,42617,12491,44372,-,673211,265328,332750,1190969,1025601,1219126,874867,629209,3858
"2008","논벼:면적 (ha)",927995,502,4112,3976,13778,6442,1916,6667,-,99939,40806,48802,162244,141161,183630,123678,90310,32
"2008","논벼:10a당 생산량 (kg)",694,673,704,704,679,658,652,664,-,673,650,681,734,726,654,707,696,642
"2008","논벼:조곡:생산량 (톤)",6441875,3380,28952,27983,93564,42371,12491,44290,-,672983,265056,332231,1190212,1024127,1200718,874367,628946,205
"2008","밭벼:면적 (ha)",7771,0,0,1,0,74,0,23,-,66,85,165,195,369,5601,170,109,913
"2008","밭벼:10a당 생산량 (kg)",340,0,0,294,0,333,0,355,-,347,320,314,388,399,329,294,242,400
"2008","밭벼:조곡:생산량 (톤)",26406,0,0,3,0,246,0,82,-,229,272,518,758,1474,18408,500,264,3653
"2009","합계:면적 (ha)",924471,286,4112,3479,13256,6581,1837,6498,-,98973,40540,48327,161160,138631,187533,122616,89309,1333
"2009","합계:생산량:조곡 (톤)",6502249,1837,26654,25297,82566,42900,12707,40814,-,662121,280088,335655,1209551,1062077,1211921,893974,608422,5665
"2009","논벼:면적 (ha)",917990,286,4112,3477,13256,6528,1837,6480,-,98934,40420,48257,160952,138445,183359,122441,89181,25
"2009","논벼:10a당 생산량 (kg)",706,642,648,727,623,654,692,629,-,669,692,695,751,767,653,730,682,650
"2009","논벼:조곡:생산량 (톤)",6477922,1837,26654,25289,82566,42718,12707,40777,-,661996,279723,335448,1208793,1061346,1196518,893329,608059,162
"2009","밭벼:면적 (ha)",6481,0,0,2,0,53,0,18,-,39,120,70,208,186,4174,175,128,1308
"2009","밭벼:10a당 생산량 (kg)",375,0,0,369,0,344,0,207,-,319,304,296,365,393,369,369,284,421
"2009","밭벼:조곡:생산량 (톤)",24327,0,0,7,0,182,0,37,-,125,365,207,759,731,15403,645,363,5503
"2010","합계:면적 (ha)",892074,267,3644,3218,12590,6223,1628,6365,-,95970,38863,46826,156589,134355,183804,116596,84017,1119
"2010","합계:생산량:조곡 (톤)",5810817,1569,22575,20963,74757,38707,10724,38257,-,563718,236320,302888,1079651,931203,1144878,801174,539325,4107
"2010","논벼:면적 (ha)",886516,267,3644,3217,12588,6182,1628,6341,-,95894,38809,46758,156456,134123,180163,116472,83950,24
"2010","논벼:10a당 생산량 (kg)",653,588,620,652,594,624,659,602,-,588,609,647,690,694,628,687,642,496
"2010","논벼:조곡:생산량 (톤)",5791329,1569,22575,20959,74752,38565,10724,38190,-,563526,236193,302690,1079178,930464,1131964,800724,539137,119
"2010","밭벼:면적 (ha)",5558,0,0,1,2,41,0,24,-,76,54,68,133,232,3641,124,67,1095
"2010","밭벼:10a당 생산량 (kg)",351,0,0,363,253,345,0,281,-,253,235,292,355,319,355,363,281,364
"2010","밭벼:조곡:생산량 (톤)",19488,0,0,4,5,141,0,68,-,192,127,199,473,739,12915,450,188,3988
"2011","합계:면적 (ha)",853823,268,3346,2894,12294,5999,1503,6217,-,91727,35955,44504,152947,130696,174930,110550,79563,430
"2011","합계:생산량:조곡 (톤)",5615916,1560,21110,18950,67713,37455,9857,39381,-,533740,226312,291862,1065634,910069,1104046,764086,522492,1650
"2011","논벼:면적 (ha)",850798,268,3346,2890,12294,5952,1503,6213,-,91689,35914,44480,152861,130549,172842,110458,79522,17
"2011","논벼:10a당 생산량 (kg)",659,582,631,655,551,627,656,634,-,582,630,656,697,697,635,691,657,573
"2011","논벼:조곡:생산량 (톤)",5605354,1560,21110,18936,67713,37319,9857,39368,-,533614,226182,291788,1065331,909556,1096798,763759,522365,97
"2011","밭벼:면적 (ha)",3025,0,0,4,0,47,0,4,-,38,41,24,86,147,2088,92,41,413
"2011","밭벼:10a당 생산량 (kg)",349,0,0,356,0,289,0,308,-,332,317,307,353,349,347,356,308,376
"2011","밭벼:조곡:생산량 (톤)",10563,0,0,14,0,136,0,12,-,126,130,74,303,512,7249,327,126,1552
"2012","합계:면적 (ha)",849172,267,3309,2981,12007,5603,1526,5841,-,90824,34806,43254,153091,130351,173283,111505,80002,522
"2012","합계:생산량:조곡 (톤)",5405155,1622,21586,19856,78325,36248,10100,36553,-,551399,218209,287917,1053257,851577,955094,763718,518177,1517
"2012","논벼:면적 (ha)",846870,267,3309,2976,12007,5576,1526,5838,-,90753,34772,43245,153056,130260,171872,111459,79940,14
"2012","논벼:10a당 생산량 (kg)",638,607,652,667,652,649,662,626,-,607,627,666,688,654,554,685,648,478
"2012","논벼:조곡:생산량 (톤)",5399193,1622,21586,19838,78325,36183,10100,36546,-,551194,218121,287894,1053153,851309,951659,763552,518043,67
"2012","밭벼:면적 (ha)",2302,0,0,5,0,27,0,3,-,71,34,9,35,91,1411,46,62,508
"2012","밭벼:10a당 생산량 (kg)",259,0,0,359,0,241,0,216,-,289,259,252,299,294,243,359,216,286
"2012","밭벼:조곡:생산량 (톤)",5962,0,0,18,0,65,0,6,-,205,88,23,105,268,3435,165,134,1451
"2013","합계:면적 (ha)",832625,249,3255,3165,11695,5512,1398,5703,-,88949,33968,42893,151814,126799,170690,108501,77732,302
"2013","합계:생산량:조곡 (톤)",5631689,1491,22096,20917,71449,36096,9434,37580,-,532511,211517,291499,1093941,908124,1107156,764106,522574,1199
"2013","논벼:면적 (ha)",831355,249,3255,3160,11694,5500,1398,5702,-,88916,33947,42892,151767,126771,169918,108479,77695,12
"2013","논벼:10a당 생산량 (kg)",677,599,679,662,611,656,675,659,-,599,623,680,721,716,650,704,672,520
"2013","논벼:조곡:생산량 (톤)",5627837,1491,22096,20904,71447,36081,9434,37578,-,532436,211461,291495,1093754,908061,1104995,764050,522492,62
"2013","밭벼:면적 (ha)",1270,0,0,5,1,12,0,1,-,33,21,1,47,28,772,22,37,290
"2013","밭벼:10a당 생산량 (kg)",303,0,0,255,227,126,0,220,-,227,265,398,398,225,280,255,220,392
"2013","밭벼:조곡:생산량 (톤)",3853,0,0,13,2,15,0,2,-,75,56,4,187,63,2161,56,82,1137
"2014","합계:면적 (ha)",815506,306,3056,2974,11080,5489,1312,5476,-,86472,33126,40653,148684,124089,169585,106832,76158,214
"2014","합계:생산량:조곡 (톤)",5637682,1985,20509,20132,76446,35979,8925,36839,-,560916,237673,284728,1106660,895962,1083281,768584,498209,854
"2014","논벼:면적 (ha)",814334,306,3056,2966,11080,5484,1312,5475,-,86457,33107,40653,148665,124049,168763,106815,76134,12
"2014","논벼:10a당 생산량 (kg)",692,649,671,678,690,656,680,673,-,649,718,700,744,722,640,719,654,553
"2014","논벼:조곡:생산량 (톤)",5633161,1985,20509,20107,76446,35961,8925,36836,-,560887,237614,284728,1106601,895838,1079987,768531,498139,66
"2014","밭벼:면적 (ha)",1172,0,0,8,0,5,0,1,-,15,19,0,19,40,822,17,24,202
"2014","밭벼:10a당 생산량 (kg)",386,0,0,309,0,356,0,293,-,191,313,0,308,312,401,309,293,390
"2014","밭벼:조곡:생산량 (톤)",4520,0,0,25,0,18,0,3,-,29,59,0,58,125,3294,53,70,787
"2015","합계:면적 (ha)",799344,307,2596,2843,10524,5381,1266,5227,-,82071,32300,39786,146319,121765,170185,104712,73934,128
"2015","합계:생산량:조곡 (톤)",5771026,2089,18113,19714,69960,36359,8819,35297,-,558358,233855,285935,1098773,939941,1154088,791802,517280,645
"2015","논벼:면적 (ha)",797957,307,2596,2843,10524,5378,1266,5227,-,82067,32299,39785,146303,121740,169014,104686,73912,10
"2015","논벼:10a당 생산량 (kg)",723,680,698,693,665,676,697,675,-,680,724,719,751,772,680,756,700,683
"2015","논벼:조곡:생산량 (톤)",5765633,2089,18113,19714,69960,36348,8819,35297,-,558348,233852,285932,1098726,939861,1149533,791735,517238,68
"2015","밭벼:면적 (ha)",1387,0,0,0,0,3,0,0,-,4,1,1,16,25,1171,26,22,118
"2015","밭벼:10a당 생산량 (kg)",389,0,0,0,0,360,0,0,-,242,256,294,294,317,389,256,192,488
"2015","밭벼:조곡:생산량 (톤)",5393,0,0,0,0,11,0,0,-,10,3,3,47,79,4556,67,42,576
"2016","합계:면적 (ha)",778734,123,2608,2956,10686,5191,1194,4695,4185,80750,30714,37114,137354,121026,166444,102941,70626,127
"2016","합계:생산량:조곡 (톤)",5624607,840,18259,20395,72470,35416,8271,27923,31085,551464,223479,268669,1039898,926976,1129249,777286,492399,527
"2016","논벼:면적 (ha)",777872,123,2608,2956,10686,5180,1194,4695,4185,80748,30714,37111,137343,121016,165750,102938,70615,10
"2016","논벼:10a당 생산량 (kg)",723,683,700,690,678,683,693,595,743,683,728,724,757,766,680,755,697,591
"2016","논벼:조곡:생산량 (톤)",5621661,840,18259,20395,72470,35366,8271,27923,31085,551459,223479,268662,1039866,926932,1126957,777276,492363,57
"2016","밭벼:면적 (ha)",862,0,0,0,0,11,0,0,0,2,0,3,11,10,694,3,11,117
"2016","밭벼:10a당 생산량 (kg)",342,0,0,0,0,459,0,0,0,238,0,238,287,436,330,322,327,401
"2016","밭벼:조곡:생산량 (톤)",2946,0,0,0,0,50,0,0,0,5,0,7,32,44,2292,10,36,470
"2017","합계:면적 (ha)",754713,131,2383,2970,10419,4988,1109,4102,3970,78484,29710,35069,134035,118340,161442,99551,67895,113
"2017","합계:생산량:조곡 (톤)",5285551,836,16319,20943,69372,33733,7334,26641,28575,500785,200985,239296,959006,873856,1099529,728112,479810,420
"2017","논벼:면적 (ha)",754339,131,2383,2970,10419,4988,1109,4102,3970,78483,29710,35069,134031,118331,161192,99550,67891,8
"2017","논벼:10a당 생산량 (kg)",701,638,685,705,666,676,661,649,720,638,676,682,716,738,682,731,707,554
"2017","논벼:조곡:생산량 (톤)",5284348,836,16319,20943,69372,33733,7334,26641,28575,500782,200984,239296,958996,873828,1098758,728110,479797,45
"2017","밭벼:면적 (ha)",374,0,0,0,0,0,0,0,0,1,0,0,3,9,250,1,4,105
"2017","밭벼:10a당 생산량 (kg)",322,0,0,0,0,0,0,0,0,308,306,306,308,308,308,306,306,358
"2017","밭벼:조곡:생산량 (톤)",1204,0,0,0,0,0,0,0,0,3,0,0,10,29,771,2,13,375
"2018","합계:면적 (ha)",737673,127,2385,2848,10144,5009,1108,4037,3968,78018,29006,33615,133958,114654,154970,98066,65681,81
"2018","합계:생산량:조곡 (톤)",5195437,860,16255,19939,69499,33081,7426,26528,28433,529418,207489,238560,977831,838753,1028706,723532,448846,280
"2018","논벼:면적 (ha)",737408,127,2385,2848,10144,5004,1108,4037,3968,78011,29005,33612,133955,114654,154803,98065,65675,8
"2018","논벼:10a당 생산량 (kg)",704,679,682,700,685,661,670,657,717,679,715,710,730,732,664,738,683,489
"2018","논벼:조곡:생산량 (톤)",5194548,860,16255,19939,69499,33062,7426,26528,28433,529393,207489,238556,977821,838753,1028130,723531,448836,37
"2018","밭벼:면적 (ha)",265,0,0,0,0,5,0,0,0,7,0,3,3,0,166,1,6,73
"2018","밭벼:10a당 생산량 (kg)",336,0,0,0,0,347,0,0,0,347,165,165,347,0,347,165,165,334
"2018","밭벼:조곡:생산량 (톤)",889,0,0,0,0,18,0,0,0,25,0,5,10,0,576,2,10,243
"2019","합계:면적 (ha)",729814,123,2335,2752,10233,5026,1074,3897,3943,76642,28640,33247,132174,112146,154091,97465,65979,45
"2019","합계:생산량:조곡 (톤)",5016083,795,15938,18658,65578,33091,7298,25199,28055,494067,203811,231874,951460,810726,971107,712489,445770,165
"2019","논벼:면적 (ha)",729585,123,2330,2752,10233,5020,1074,3897,3943,76642,28640,33247,132171,112141,153919,97465,65979,8
"2019","논벼:10a당 생산량 (kg)",687,645,683,678,641,659,679,647,711,645,712,697,720,723,631,731,676,302
"2019","논벼:조곡:생산량 (톤)",5015237,795,15917,18658,65578,33065,7298,25199,28055,494067,203811,231874,951450,810717,970471,712489,445769,23
"2019","밭벼:면적 (ha)",229,0,5,0,0,7,0,0,0,0,0,0,2,5,172,0,0,37
"2019","밭벼:10a당 생산량 (kg)",369,0,390,0,0,387,0,0,0,0,0,0,436,183,370,370,370,380
"2019","밭벼:조곡:생산량 (톤)",846,0,21,0,0,26,0,0,0,0,0,0,10,9,636,0,1,142
"2020","합계:면적 (ha)",726432,121,2307,2919,10375,4967,945,3907,3891,75128,28405,32745,131284,110880,156230,97257,65028,43
"2020","합계:생산량:조곡 (톤)",4713162,751,13663,19015,66090,30344,6249,24430,26570,464819,172885,215752,911926,751078,925414,663239,420836,103
"2020","논벼:면적 (ha)",726180,121,2307,2919,10375,4966,945,3907,3891,75127,28405,32745,131279,110875,156026,97255,65028,8
"2020","논벼:10a당 생산량 (kg)",649,619,592,652,637,611,661,625,683,619,609,659,695,677,593,682,647,325
"2020","논벼:조곡:생산량 (톤)",4712266,751,13663,19015,66090,30338,6249,24430,26570,464819,172885,215752,911913,751057,924640,663233,420836,26
"2020","밭벼:면적 (ha)",253,0,0,0,0,1,0,0,0,0,0,0,4,5,204,2,0,35
"2020","밭벼:10a당 생산량 (kg)",355,0,0,0,0,377,0,0,0,295,0,0,295,399,379,224,0,220
"2020","밭벼:조곡:생산량 (톤)",896,0,0,0,0,5,0,0,0,0,0,0,13,21,774,5,0,77
"2021","합계:면적 (ha)",732477,187,2169,2847,11747,4916,1131,3793,3340,74717,28903,33403,135399,114509,155435,95837,64079,65
"2021","합계:생산량:조곡 (톤)",5211037,1270,15296,20333,77025,33833,8070,24994,24534,507448,210844,234293,1029829,807104,1055803,709070,451030,260
"2021","논벼:면적 (ha)",732070,187,2169,2847,11747,4910,1131,3793,3340,74717,28903,33403,135398,114509,155101,95830,64079,6
"2021","논벼:10a당 생산량 (kg)",712,679,705,714,656,689,714,659,735,679,729,701,761,705,680,740,704,536
"2021","논벼:조곡:생산량 (톤)",5209213,1270,15296,20333,77025,33812,8070,24994,24534,507447,210844,234292,1029828,807104,1054261,709044,451030,30
"2021","밭벼:면적 (ha)",407,0,0,0,0,6,0,0,0,0,0,0,1,0,334,7,0,59
"2021","밭벼:10a당 생산량 (kg)",448,0,0,0,288,329,0,0,0,288,0,309,309,0,462,383,0,390
"2021","밭벼:조곡:생산량 (톤)",1823,0,0,0,0,21,0,0,0,1,0,0,2,0,1543,26,0,230
"2022","합계:면적 (ha)",727054,173,2123,2935,11331,5066,1132,3710,3294,73648,28708,33195,133978,113775,154679,94757,64481,70
"2022","합계:생산량:조곡 (톤)",4998223,1142,14299,20831,74275,33195,7726,23738,23009,485151,195440,230977,959289,819346,986762,680835,441901,307
"2022","논벼:면적 (ha)",726654,173,2123,2935,11331,5066,1132,3710,3294,73645,28708,33194,133978,113775,154359,94746,64481,5
"2022","논벼:10a당 생산량 (kg)",688,659,673,710,656,655,682,640,699,659,681,696,716,720,638,719,685,531
"2022","논벼:조곡:생산량 (톤)",4996613,1142,14299,20831,74275,33195,7726,23738,23009,485142,195440,230974,959289,819346,985487,680793,441901,25
"2022","밭벼:면적 (ha)",400,0,0,0,0,0,0,0,0,3,0,1,0,0,320,11,0,66
"2022","밭벼:10a당 생산량 (kg)",402,0,0,0,0,0,0,0,0,308,0,363,0,0,399,371,0,429
"2022","밭벼:조곡:생산량 (톤)",1610,0,0,0,0,0,0,0,0,9,0,3,0,0,1275,42,0,282
"2023","합계:면적 (ha)",708012,189,1927,2914,11141,4620,1108,3495,3156,73187,28335,32341,131643,107383,149878,93252,63437,5
"2023","합계:생산량:조곡 (톤)",4897839,1264,12394,19546,73186,29950,7541,22148,22024,488652,199252,225581,965128,763224,960918,670286,436716,30
"2023","논벼:면적 (ha)",707872,189,1927,2914,11141,4607,1108,3495,3156,73187,28333,32340,131643,107380,149758,93252,63437,5
"2023","논벼:10a당 생산량 (kg)",692,668,643,671,657,649,681,634,698,668,703,698,733,711,641,719,688,589
"2023","논벼:조곡:생산량 (톤)",4897398,1264,12394,19546,73186,29919,7541,22148,22024,488651,199249,225579,965128,763212,960526,670286,436716,30
"2023","밭벼:면적 (ha)",140,0,0,0,0,13,0,0,0,0,2,1,0,4,120,0,0,0
"2023","밭벼:10a당 생산량 (kg)",315,0,0,0,0,236,0,0,0,152,230,152,0,345,326,0,0,0
"2023","밭벼:조곡:생산량 (톤)",441,0,0,0,0,32,0,0,0,0,3,2,0,13,391,0,0,0
